id;name;description;contact;value;date
1;Armenia Optimization;for hacking maximize;deposit;3530;2022-06-26T18:30:16
2;payment Keyboard up;online;implement Berkshire;35317;2022-06-26T22:28:01
3;transmitting Plastic;orchid;Ecuador Incredible;49758;2022-06-26T11:00:33
4;Road Multi-channelled Loan;Riel Shirt Tanzania;Mobility invoice;7769;2022-06-26T10:37:26
5;application help-desk;mobile Incredible;Intelligent Optimization SDR;29029;2022-06-26T20:19:11
6;empowering;Baby architectures;program;89938;2022-06-26T13:26:45
7;Cotton;input Savings Togo;Cyprus;29471;2022-06-26T10:19:47
8;Account microchip Producer;Sri;Steel B2C CSS;27726;2022-06-26T15:39:54
9;Ergonomic;RSS;deposit white;32251;2022-06-26T16:51:31
10;Horizontal Toys;Chair FTP content;Account evolve Specialist;82795;2022-06-27T02:31:48
